firstname,lastname,email,phone,city,birthDate
Ananad,Rao,anand@xmpl.com,9292928282,null,20/02/1991
Bertrand,Janse,bjanse3@shop-pro.jp,1992902538,Al Wāsiţah,13/12/1981
Barry,Lindenman,blindenmand@un.org,3993663935,Pacajus,05/06/1984
Connor,Brotherton,cbrothertona@europa.eu,2781551426,Pavlovka,03/10/1984
Dian,Gutsell,dgutsell4@independent.co.uk,6059809074,Banjar Asahduren,07/06/1977
Gerti,Matteuzzi,gmatteuzzi1@nps.gov,8545719818,Mariental,20/09/1989
Lilias,Barenski,lbarenski9@java.com,9997314714,Vári,11/04/1985
Leanor,Janu,ljanub@businessweek.com,2568506710,Chornorudka,07/02/1988
Mary,Belcham,mbelcham6@oakley.com,3184695067,Imbituba,13/01/2001
Mellisent,Dedmam,mdedmam2@blogtalkradio.com,7504071140,Shāhīn Dezh,11/09/1991
Parke,Jira,pjirac@msu.edu,3196370440,Mutatá,13/10/1985
Rorke,Pikett,rpikett7@mapquest.com,7276231134,Polańczyk,08/01/1974
Sebastiano,Everingham,severingham0@ucsd.edu,1557604370,Tambakrejo,17/12/1977
Shena,Gianiello,sgianiello8@yale.edu,2665130677,Łobżenica,25/08/1970
Shyam,Sundar,shyam@xmpl.com,9191918989,null,02/10/1973
Shellysheldon,Rubroe,srubroee@msu.edu,6137332777,Kuchinarai,07/06/1993
Tammie,Thurlborn,tthurlborn5@comcast.net,3375766886,Candelária,10/09/2004
Vinod,Kumar,vinod@vinod.co,9731424784,null,20/01/1974
